{"Delete_0000:ncall": 0.0, "Delete_0000:sys": 0.021026999999999997, "Delete_0000:usr": 5.368149, "GenerateIceTopShowersI3TopSimulator:ncall": 101.0, "GenerateIceTopShowersI3TopSimulator:sys": 201.13672000000005, "GenerateIceTopShowersI3TopSimulator:usr": 182167.47565500005, "Generated Events": 0.0, "I3InIceCORSIKATrimmer_0000:ncall": 100.0, "I3InIceCORSIKATrimmer_0000:sys": 0.1590150000000001, "I3InIceCORSIKATrimmer_0000:usr": 1103.6377040000002, "ctx:ncall": 100.0, "ctx:sys": 0.03401800000000001, "ctx:usr": 0.24437, "dt:ncall": 0.0, "dt:sys": 0.011133, "dt:usr": 0.012376000000000003, "source:ncall": 0.0, "source:sys": 0.033017000000000005, "source:usr": 0.6383849999999999, "time-gen:ncall": 101.0, "time-gen:sys": 0.00013299999999999998, "time-gen:usr": 0.0011230000000000012, "top_simulator_counter:ncall": 100.0, "top_simulator_counter:sys": 1.5000000000000002e-05, "top_simulator_counter:usr": 0.014054999999999996, "writer:ncall": 0.0, "writer:sys": 0.09800800000000003, "writer:usr": 10.485596999999997}