{"Delete_0000:ncall": 0.0, "Delete_0000:sys": 0.38023799999999985, "Delete_0000:usr": 6.288935, "GenerateIceTopShowersI3TopSimulator:ncall": 101.0, "GenerateIceTopShowersI3TopSimulator:sys": 439.4147719999999, "GenerateIceTopShowersI3TopSimulator:usr": 203154.7934179999, "Generated Events": 0.0, "I3InIceCORSIKATrimmer_0000:ncall": 100.0, "I3InIceCORSIKATrimmer_0000:sys": 1.9880049999999998, "I3InIceCORSIKATrimmer_0000:usr": 1672.2601249999996, "ctx:ncall": 100.0, "ctx:sys": 0.039477, "ctx:usr": 0.1741479999999999, "dt:ncall": 0.0, "dt:sys": 0.0009710000000000005, "dt:usr": 0.013740999999999993, "source:ncall": 0.0, "source:sys": 0.041005, "source:usr": 0.5223199999999998, "time-gen:ncall": 101.0, "time-gen:sys": 9.899999999999998e-05, "time-gen:usr": 0.001556, "top_simulator_counter:ncall": 100.0, "top_simulator_counter:sys": 0.0024739999999999996, "top_simulator_counter:usr": 0.016158000000000006, "writer:ncall": 0.0, "writer:sys": 0.12136800000000013, "writer:usr": 9.571507}