{"Delete_0000:ncall": 0.0, "Delete_0000:sys": 0.15337100000000017, "Delete_0000:usr": 3.1996969999999996, "GenerateIceTopShowersI3TopSimulator:ncall": 101.0, "GenerateIceTopShowersI3TopSimulator:sys": 157.06243899999998, "GenerateIceTopShowersI3TopSimulator:usr": 80543.52779700002, "Generated Events": 0.0, "I3InIceCORSIKATrimmer_0000:ncall": 100.0, "I3InIceCORSIKATrimmer_0000:sys": 0.17030300000000012, "I3InIceCORSIKATrimmer_0000:usr": 343.11638200000016, "ctx:ncall": 100.0, "ctx:sys": 0.055207, "ctx:usr": 0.15301299999999993, "dt:ncall": 0.0, "dt:sys": 0.03877100000000002, "dt:usr": 0.020904, "source:ncall": 0.0, "source:sys": 0.027713000000000005, "source:usr": 0.6337689999999994, "time-gen:ncall": 101.0, "time-gen:sys": 0.0011630000000000002, "time-gen:usr": 0.001727, "top_simulator_counter:ncall": 100.0, "top_simulator_counter:sys": 0.0035519999999999996, "top_simulator_counter:usr": 0.024086, "writer:ncall": 0.0, "writer:sys": 0.31505099999999997, "writer:usr": 8.938849000000003}