{"Delete_0000:ncall": 0.0, "Delete_0000:sys": 0.37411299999999975, "Delete_0000:usr": 5.707194, "GenerateIceTopShowersI3TopSimulator:ncall": 101.0, "GenerateIceTopShowersI3TopSimulator:sys": 325.989779, "GenerateIceTopShowersI3TopSimulator:usr": 193982.40441600003, "Generated Events": 0.0, "I3InIceCORSIKATrimmer_0000:ncall": 100.0, "I3InIceCORSIKATrimmer_0000:sys": 0.5090499999999998, "I3InIceCORSIKATrimmer_0000:usr": 751.5641830000001, "ctx:ncall": 100.0, "ctx:sys": 0.06593600000000004, "ctx:usr": 0.12491699999999999, "dt:ncall": 0.0, "dt:sys": 0.011117999999999996, "dt:usr": 0.012945000000000003, "source:ncall": 0.0, "source:sys": 0.04775000000000001, "source:usr": 0.6020620000000001, "time-gen:ncall": 101.0, "time-gen:sys": 0.000247, "time-gen:usr": 0.0011130000000000007, "top_simulator_counter:ncall": 100.0, "top_simulator_counter:sys": 0.0028100000000000004, "top_simulator_counter:usr": 0.04717200000000002, "writer:ncall": 0.0, "writer:sys": 0.17403600000000002, "writer:usr": 5.479294999999998}